tweet,sentimiento,polaridad_dominante
"Resuelto, muchÃ­simas gracias , excelente servicio como siempre",0.0,Neutral
"Muchas gracias, espero su dm",0.0,Neutral
Muchas gracias!,0.0,Neutral
Algo similar me paso. QuerÃ­a renovar mi token para poder hacer una transferencia antes de cerrar la cuenta y wow. Fue mÃ¡s fÃ¡cil sacar el dinero por ventanilla.,0.5859,Positiva
Yeeeei! a travÃ©s de mi cuenta en acabo de contratar mi cuenta de ahorro con mi reto de 2023 para tener 25 mil pesos al final del aÃ±o. Tiene una sÃºper herramienta para domiciliar a mi cuenta eje y asÃ­ ahorrar disciplinadamente cada semana! Vamos !!! ğŸ’ªğŸ¼ğŸ’°,0.0,Neutral
Esta es la seÃ±al que necesitan para tener el mÃ­nimo dinero en banamex,0.0,Neutral
Gracias ğŸ˜,0.0,Neutral
Muchas gracias ğŸ˜Š,0.0,Neutral
"Yo no sÃ© mucho, pero te recomiendo la InversiÃ³n de . De los mejores rendimientos que he visto, y plazo a 7 dÃ­as. TambiÃ©n el de estÃ¡ chingÃ³n, pero tienen un lÃ­mite de 20k en inversÃ³n.",-0.296,Negativa
Gracias por la playera que me dieron en GalerÃ­as GDL.,0.0,Neutral
buen dÃ­a...tengo problemas con mi cuenta,0.0,Neutral
Gracias,0.0,Neutral
Mis Respetos para ustedes... Gracias por el servicio ğŸ™ŒğŸ»,0.0,Neutral
"Si ya la bloquee y desbloquee y pude hacer el deposito en oxxo, gracias",0.0,Neutral
"Ya todo bien, gracias ğŸ‘",0.0,Neutral
Milagro que me gano algo ğŸ«¶ğŸ»,0.0,Neutral
Siii amigo jajaja estÃ¡ muy padre y puedes inveir y te da buen rendimiento ğŸŒš,0.0,Neutral
nunca habÃ­a ganado nada antes âœ¨ hahaha,0.5574,Positiva
Con el CashBack de pude pagar mi servicio de internet. yei :),0.4588,Positiva
Gracias!!!,0.0,Neutral
"Listo, gracias",0.0,Neutral
Si gracias,0.0,Neutral
A mÃ­ me llegÃ³ una semana despuÃ©s aprox,0.0,Neutral
hola buen dÃ­a tengo algunas dudas con mi cuenta podrÃ­an ponerse en contacto... Muchas gracias..,0.0,Neutral
Muchas gracias ğŸ™,0.0,Neutral
"Bloquea la tarjeta 5 minutos o mÃ¡s, posteriomente la vuelves a desbloquear y ya la agregas. Esa es la soluciÃ³n, me confirmas con un tweet por favor.",0.4019,Positiva
"Es de 35,000 UDIS (184,000).De todas las plataformas en las que he inveido las mejores son Finsus y cetes para largo plazo y HeyBanco es para mi la mejor opciÃ³n para tu fondo de emergencia , ya que tienes liquidez semanal. En Finsus tengo al rededor del 90% de mi poafolio.",0.0,Neutral
Excelente Gracias por responder ğŸ™ estaremos muy atentos ğŸ¤,0.0,Neutral
"Pues bueno, me quedÃ© sin cena, muchas gracias ğŸ‘",-0.5574,Negativa
"Gracias e igualmente, bendiciones ğŸ™",0.0,Neutral
Vale estoy esperando,0.0,Neutral
Muchas gracias espero la respuesta,0.0,Neutral
Me ganÃ© 99 pesitos de crÃ©dito en Amazon coesÃ­a de QuÃ© agradables sujetos ğŸ˜,0.1779,Positiva
es mejor,0.0,Neutral
ContÃ©stenme por favor,0.4019,Positiva
Muchas gracias que amables ğŸ˜Š,0.0,Neutral
"heybanco muchos aÃ±os como cliente de bancomer y me encontre con y la verdad estoy muy agusto con los servicios, la app y las tarjetas debito y credito",0.0,Neutral
amigos les mandÃ© dm gracias,0.0,Neutral
solicito su ayuda gracias,0.0,Neutral
Gracias!Ya respondÃ­.Quedo atenta,0.0,Neutral
Va gracias,0.0,Neutral
No sÃ© ni a quÃ© le piquÃ© pero muchas graciasğŸ˜‚â¤ï¸,-0.296,Negativa
"PlaneaciÃ³n de temporada 2023 de los equipos, gracias a por la ocnfianza desde el dÃ­a 1 y se viene la bomba de patrocinio con vamos por el doblete!!!}@DavilaCarloss",0.0,Neutral
Por eso son mi banco 1 â­â­â­â­â­,0.0,Neutral
Thanks!,0.4926,Positiva
"Muchas gracias, me ayudÃ³ lo suficiente, el cargo ya no procediÃ³, se poaron muy bn aun cuando no me pude comunicar por telÃ©fono, fueron muy amables, mil gracias por su interÃ©s se hizo cargo de todo",-0.5267,Negativa
"IncreÃ­ble, gracias HeyBanco!!@heybanco",0.0,Neutral
Me contestaron que sÃ­.,0.0,Neutral
Gracias!,0.0,Neutral
Graciaaas.,0.0,Neutral
"Gracias por estar al pendiente,estoy segura que se va a poner las pilas para que lleguen los incentivos, si no estarÃ© pidiendo su apoyo.",-0.296,Negativa
"ğŸ’°La sexta opciÃ³n estÃ¡ opciÃ³n es de las mejores, su pagarÃ© a 7 dÃ­as es el mejor del mercado con tasa del 10% anual solo que la inversiÃ³n aquÃ­ es desde $5,000, tiene un plan de metas que te dan rendimiento a mes vencido del 4% y tÃº dinero disponible en cualquier momento",0.0,Neutral
ğŸ‡¬ğŸ‡¹ quÃ© buena onda por vos David ğŸ‘ğŸ‘ a disfrutarlo!!!,0.0,Neutral
Â¡Gracias,0.0,Neutral
"Â¡Hola!, me pueden apoyar por favor ğŸ˜¬",0.4574,Positiva
"Eso se agradece, el aviso ğŸ‘ğŸ¼ğŸ‘ğŸ¼ğŸ‘ğŸ¼ğŸ‘ğŸ¼ğŸ‘ğŸ¼",0.0,Neutral
"Gracias, ya se ve reflejado. Solucionado. Gracias",0.0,Neutral
"Listo, gracias!",0.0,Neutral
Los tkm â™¥ï¸,0.0,Neutral
"CoesÃ­a de AnÃ­mense a sacar cuenta de Hey, muchas gracias por el regalo c:@nei_aokii",0.0,Neutral
Cof cof tambiÃ©n â¤ï¸â¤ï¸,0.0,Neutral
te lo sÃºper recomiendo. Y no te cobran el plÃ¡stico.,-0.296,Negativa
"Afounadamente, en MÃ©xico tenemos , que nos da el 10% de lo que tenemos en la cuenta! ğŸ‘ŒğŸ¼",0.0,Neutral
"Muchas gracias por darme respuesta, ya se solucionÃ³ mi problema, excelente dÃ­a!",0.0,Neutral
Gracias !,0.0,Neutral
"Muchas gracias, el equipo de me ayudÃ³ a resolver el problema y me dieron la recompensa que ganÃ©.",0.1779,Positiva
Gracias ! Este mes me tocÃ³ boletoDorado,0.0,Neutral
Bello!,0.0,Neutral
AÃºn hay esperanza.. congrats !!,0.6103,Positiva
Gracias ğŸ˜ŠğŸ˜ŠğŸ˜Š,0.0,Neutral
Gracias.,0.0,Neutral
Muchas gracias ğŸ‘ŒğŸ‘Œ,0.0,Neutral
Gracias por mi premio de boletodorado ya canjee mi tarjeta de regalo,0.0,Neutral
TÃ­o gracias por mi boleto Dorado. Ya por fin me tocÃ³ algo.,0.0,Neutral
No mames que buena suee!,-0.3595,Negativa
"segundo premio, espero lleguen mÃ¡s",0.0,Neutral
Gracias â˜ºï¸,0.0,Neutral
"Hola, esto nos beneficia a los usuarios de",0.0,Neutral
Gracias por el apoyo con el seguimiento,0.0,Neutral
Gracias tio hey! Esto nos ayuda bastante.,0.0,Neutral
Muchas gracias Un mes gratis de,0.0516,Positiva
MuchÃ­simas gracias ya me resolviÃ³. Saludos!,0.0,Neutral
Vale gracias ğŸ˜ƒ,0.0,Neutral
Ya funcionÃ³. Como que se cayo sÃ³lo por unos segundos. Estuvo raro. Muchas gracias,0.0,Neutral
Hola les escribÃ­ por DM porque tengo un par de dudas con la TDC.Gracias.,0.0,Neutral
Gracias por ser pae de el FC Barcelona,0.0,Neutral
cuando me darÃ¡n un crÃ©dito tradicional ya llevo mÃ¡s de un aÃ±o con una tarjeta de credito en garantÃ­a y he cumplido con mis pagos en tiempo y forma,0.0,Neutral
Ok gracias,0.296,Positiva
"Despues de estar 1 aÃ±o probando la tarjeta de CrÃ©dito de puedo decir que es muy buena y ni hablar de la cuenta de dÃ©bito, realmente en temas de seguridad en transacciones, MUY TOP. tqm Hey.",0.368,Positiva
"Amistad, usa si usas tu tarjeta 6 veces al mes en compras de $100 pesos te vuelves â€œHeyProâ€ y tu inversiÃ³n te da un rendimiento de 10% anual que estÃ¡ sÃºper sÃºper bien con comparaciÃ³n a otros bancos o inveir a 25 aÃ±os con Allianz a mi me explicÃ³ mi prima y suena rebien",0.0,Neutral
Excelente,0.0,Neutral
Me gane 2 premios,0.0,Neutral
Amiga explÃ­came!!!,0.0,Neutral
Muchas gracias por la informaciÃ³n!,0.0,Neutral
ThankU!,0.0,Neutral
"Vientos, gracias",0.0,Neutral
me encantaria presumir mi premio de boleto dorado... Si tan solo existiera...,0.0,Neutral
me pueden proporcionar el link para invitar a mÃ¡s gente y tener mi beneficio.Gracias,0.0,Neutral
Gracias ğŸ‘ğŸ¼,0.0,Neutral
"Gracias, lo checo",0.0,Neutral
Â¿Ya no habrÃ¡ Viaje Financiero del 2022?ğŸ˜£ estaba muy buena esa informaciÃ³n,-0.296,Negativa
Gracias por el dato y cÃ³mo fue soeo ğŸ‘€?,0.0,Neutral
"Buen dÃ­a, como me.pueden ayudar ya que me realizaron un deposito a mi cuenta de credito pero lo necesito a la de crÃ©dito",0.0,Neutral
Muchas gracias,0.0,Neutral
Gracias ya se solucionÃ³. Buenas tardes,0.0,Neutral
Lo realizarÃ©.Gracias.,0.0,Neutral
En Diciembre me gane una tarjeta de regalo en Amazon con el ticket dorado de HeyBanco y me compre esto:*se emociona en seÃ±ora*,0.1779,Positiva
Me funcionÃ³ mil gracias,0.0,Neutral
Gracias pero no es necesario. es una buena opciÃ³n. Hasta el momento no he tenido problemas graves con ellos solo es adaptarme a sus procesos. Pero aÃºn asÃ­ creo que van por buen camino. Aunque en ocasiones me hagan enojar,-0.6808,Negativa
Mmm. te da el rendimiento del 10% Es buena opciÃ³n.,0.0,Neutral
Gracias por mi aumento de crÃ©dito en mi tarjeta ğŸ’³!! Muy contenta con sus servicios! â™¥ï¸,0.0,Neutral
Hablando de Ajolotes el banco sacara esta tarjeta y me encanto.. ğŸ‘ŒğŸ¼ğŸ˜Š,0.0,Neutral
"serÃ­a la mejor TDC si se pudiera realizar pagos por adelantado en los meses sin intereses como en otras cuentas, siendo una opciÃ³n excelente para muchos usuarios",-0.5574,Negativa
"Casi me rindo cuando no obtuve ayuda del equipo de sopoe, afounadamente alguien aquÃ­ me refiriÃ³ a en twitter EnvÃ­ale un mensaje privado y me lo arreglÃ³, todo gracias a Ã©l, contÃ¡ctalo ahora.",-0.296,Negativa
Gracias por ser el mejor banco âœ¨,0.0,Neutral
"HeyBanco tiene pagarÃ©s semanales con 10% anual. O sea, a la semana ya obtienes rendimientos y eso lo puedes reinveir en el siguiente pagarÃ© (de forma automÃ¡tica). Como generas interÃ©s compuesto muy rÃ¡pido, es muchÃ­simo mejor que el 11% anual de CETES.",0.0,Neutral
gracias,0.0,Neutral
Solucionado. Gracias.,0.0,Neutral
"Alch, hechate unas investigadas de CETES, GMB y Hey+. CETES si ocupas investigar chido pero es muy seguro y Hey+ con HeyBanco es dinero seguro y rapido pero poco.",0.0,Neutral
Excelente servicio de atenciÃ³n a clientes en HeyBanco 10/10,0.0,Neutral
Por primera vez ganÃ© algo en el boleto dorado de mi d'Or los quiero mucho ğŸ¥°ğŸ–¤,0.0,Neutral
Ok muchas gracias ğŸ˜Š,0.296,Positiva
Gracias. Porque tengo una duda,0.0,Neutral
Â¡Gracias a ti por formar pae de esta gran familia!,0.0,Neutral
"DespuÃ©s de lo de hoy, la vida y mi banco favorito dijeron: ten un tarjeta de regalo para que te eches un Starbucks y te relajes un rato.",0.0,Neutral
100 % recomendado la vdd,0.0,Neutral
Para ver si eres fit y viable para seguros de vida! XD,0.8087,Positiva
"Que interesante lo que encontrÃ© en los permisos que utiliza la aplicaciÃ³n de â¦@heybancoâ©, estaba activada, como para que lo necesitan?",0.0,Neutral
ğŸ˜’ Gracias ğŸ˜Š,0.0,Neutral
Hola intenta en el telÃ©fono o correo de la imagen. (Con la app la verdad yo no he tenido problemas),-0.296,Negativa
hola ocupo ayuda con el cambio de nÃºmero de celular y con mi token,0.0,Neutral
"Yo la eh pensado cambiar mi nomina con ellos, la tengo con y muy agusto.Que bueno que me dicen para no sacar tarjeta ahÃ­",-0.296,Negativa
"gracias!!!! ahora, vi algo en relacion a transferencias internacionales... donde veo informaciÃ³n?",0.0,Neutral
"Pues mÃ¡s vale, la verdad",0.0,Neutral
Ya estÃ¡ todo listo..,0.0,Neutral
Me acaba de llegar la constancia fiscal de y el aÃ±o pasado ganÃ© $2400 nomas de tener mi dinero guardado con ellos. 10/10,0.0,Neutral
JamÃ¡s al menos la amex la primera anualidad es gratis y te da beneficios por compras el primer aÃ±o y bonos.,0.0516,Positiva
"Gracias por la respuesta, estarÃ© al pendiente",0.0,Neutral
Hola buenas tardes,0.0,Neutral
"Buen dÃ­a, muchas gracias! Ya respondÃ­ al DM. Me tardÃ© porque pensÃ© que no respondÃ­an en la noche hehe",-0.3595,Negativa
Tqm gracias por poner retiros en cajeros hsbc es el q tengo mÃ¡s cerquita,0.0,Neutral
Hola!!!,0.0,Neutral
Saludos a,0.0,Neutral
"real esa tarjeta es la neta, en general el banco es 10/10",0.0,Neutral
":o si tengo cuenta pero nunca pedÃ­ la fÃ­sica, la pedirÃ©. Gracias por la recomendaciÃ³n ğŸ¥°ğŸ¤˜ğŸ»",-0.1027,Negativa
como puedo inveir con ustedes y como se genera las ganancias para uno,0.0,Neutral
Que bueno que perdÃ­ mi tarjeta porque necesitaba una nueva con este diseÃ±o.,0.0,Neutral
.@heybanco tqm ğŸ«¶ no solo es de los mejores bancos con su producto TDC o pagarÃ©s bancarios (inveir). AdemÃ¡s sabe que ando de forÃ¡neo y me regalo dinerito en Amazon ğŸ˜Œcon mi boleto dorado,-0.128,Negativa
"Hola buen dÃ­a, Al solicitar una tarjeta con diseÃ±o nuevo tengo que utilizarla?ReciÃ©n esta por llegarme la metÃ¡lica, sin embargo me atraen mucho los diseÃ±os como coleccionableâ€¦ y no quisiera pedir una y perder la metalğŸ¤”",-0.7003,Negativa
"Gracias, hasta ahorita los amo ğŸ’™",0.0,Neutral
Gracias bro,0.0,Neutral
"Gracias, ya lo enviÃ©.",0.0,Neutral
"Gracias por responder, quedo en espera de la soluciÃ³n al problema.",0.0,Neutral
yo hice varias transferencias hace rato y todo bien,0.0,Neutral
A veces sÃ³lo es cuestiÃ³n de limpiar el chip antes de pasarla! AsÃ­ he solucionado el inconveniente,0.0,Neutral
Estoy muy contesta de compairles esta colaboraciÃ³n que hice con Hey Banco,0.0,Neutral
"Ah ya, gracias, mencionas lo evidente sin nada de relevancia, excelente comentario.",-0.5574,Negativa
â€œAgradecemos tu comprensiÃ³nâ€ jaja increÃ­ble,0.0,Neutral
Es correcto. De BBVA a BBVA sin problemas. Ya en Hey avisaron que hasta las 7 aproximadamente.,-0.5574,Negativa
Gracias ya les respondÃ­,0.0,Neutral
Listo!! Gracias,0.0,Neutral
Perfecto! Gracias â˜ºï¸,0.3802,Positiva
Pero que tremenda sabidurÃ­a ğŸ‘ me quede anonadado con este mensaje yo creÃ­a que la cantidad que ponÃ­a de garantÃ­a se utilizaba para los niÃ±os sin alimento o para los indigentes y que con eso ya despuÃ©s te entregaban una tarjeta de crÃ©dito ğŸ’³ ğŸ˜± que tremenda explicaciÃ³n,-0.5574,Negativa
Esta padrisima la tarjeta!!,0.0,Neutral
"EstÃ¡ muy bonito, me hace considerar adquirir la tarjeta",0.0,Neutral
Gracias. Ya le mande todos mis datos de mi tarjeta.,0.0,Neutral
"SÃ­, sin problema:D",-0.5574,Negativa
"No es problema de ,es ellos son los que tienen la falla. Dalay.",-0.296,Negativa
"Pfâ€¦. Sigues con Intermitenciasâ€¦ y solo Hey Banco, BBVA sin problema.",-0.5574,Negativa
"La primera no habÃ­a sido la de chichen itza ?Estoy esperando esa, pero este modelo estÃ¡ bonito tambiÃ©n.",-0.296,Negativa
"Tengo BBVA y Bancoppel, las dos trabajan a la perfecciÃ³n.",0.0,Neutral
Entiendo le agradezco el comentario y como sugerencia me gustarÃ­a recibir una notificaciÃ³n correo o texto de que el servicio no estarÃ¡ disponible para no caer en esta situaciÃ³n ya que me sirve de mucha utilidad la tarjeta y me gustarÃ­a seguir con ustedes.,-0.5267,Negativa
Que bien! ğŸ‘ğŸ¼,0.0,Neutral
"Me siento poderosa !!! Gracias , estoy muy contenta !!!!ğŸâœ¨ğŸ‘‘",0.0,Neutral
Esta bien,0.0,Neutral
"Yo la tengo y es una maravilla, Servicio eficiente y la app de primera. Â¡Â¡Â¡Altamente recomendable!!!!!",0.0,Neutral
"Ay no, yo ya tengo la mia y ese diseÃ±o esta super cool !!!",0.5684,Positiva
"Animense, ya casi un aÃ±o con la tarjeta de credito heygarantizada y sin problemas, incluyendo en el extranjero",-0.5574,Negativa
"Gracias, segÃºn recuerdo esto ya lo habÃ­a hecho el dÃ­a que la fuÃ­ a activar pero volverÃ© a hacerlo tanto para la TDD cÃ³mo la TDC, gracias:)",0.0,Neutral
Mucho exito! heybanco,0.0,Neutral
. recomendadÃ­simas ğŸ‘Œ(pd. YoTePresto y 100Ladrillos HechoEnJalisco),0.0,Neutral
"Hola muchas gracias por su respuesta en DMğŸ‘Œ, con lo que me indicaron ya logre hacer el movimiento que requeria",0.0,Neutral
Â¡Manifiesto!âœ¨ï¸ Hoy fui y salÃ­ enmoradÃ­sima. Me subÃ­ y asÃ­ casi que me voy a dar una vuelta Â¡Hermosisimo el carro! Â¡HÃ¡ganme la buena!â¤ï¸â€ğŸ”¥ğŸ™ğŸ’•,0.0,Neutral
"Se resolviÃ³ con la actualizaciÃ³n de la app, gracias. TambiÃ©n me sirviÃ³ el DM ğŸ‘ŒğŸ¼",0.0,Neutral
Ustedes son mi banco y la verdad lo estan haciendo muy bien!,0.0,Neutral
DefinitivamenteğŸ‘†ğŸ½,0.0,Neutral
Gracias por secuestrar la plata en Ahorro ğŸ¤¦â€â™‚ï¸Bitcoin fixes this... literalmente eso me salva ğŸ™„,0.0,Neutral
Gracias la transferencia fue aplicada al dÃ­a siguiente,0.0,Neutral
"Gracias, ya lo resolvÃ­ jajaja, me equivoquÃ©",0.0,Neutral
QuedÃ³ aclarado el tema. Gracias.,0.0,Neutral
Bank run!!!,0.0,Neutral
Les respondÃ­ por privado. Saludos!,0.0,Neutral
eso es bueno saberlo,0.0,Neutral
Gracias por la informaciÃ³n ğŸ™,0.0,Neutral
Listo!!!,0.0,Neutral
"AsÃ­ te da la bienvenida a tu tarjeta de Metal, aÃºn sin beneficios adicionales ğŸ« ",-0.5574,Negativa
"Se cayÃ³ la app de todo ha sido una buena experiencia con ustedes, no me fallen cuando se les necesita",-0.3182,Negativa
La verdad es menos tedioso el proceso de hablar con alguien en me agrada mucho la experiencia.,0.0,Neutral
"Gracias, ya les contestÃ©",0.0,Neutral
ayuda!!!,0.0,Neutral
"Si gracias, les volvÃ­ a contestar hace un par de horas",0.0,Neutral
"Fue mÃ¡s rÃ¡pido marcar, tuve que hacer una caa de hechos en donde ponÃ­a los datos que querÃ­a cambiar y ya lo hicieron, por fin pude instalar el Token. el chico que me atendiÃ³ sÃºper bueno y amable! Se llama Christhian HernÃ¡ndez â¤ï¸",0.0,Neutral
"me avisan si van a la quiebra, para sacar mi dinero de inversiÃ³n a 7 dÃ­as porfas y muchas gracias de antemano los amo âœ¨â¤ï¸â€ğŸ”¥",0.0,Neutral
"Yeah, son los mejores a pesar del veto",0.296,Positiva
"solucionado, muchas gracias ğŸ«¶ğŸ¼",0.0,Neutral
Ya se puede,0.0,Neutral
Gracias :),0.4588,Positiva
"Me siguen hablando en horario laboral.El que su personal de DHL descuide su trabajo, no significa que yo tenga que descuidar el mÃ­o.Si me van a hablar, que sea despuÃ©s de las 15 hrs o 3 pm.Agradezco que Ã©sta vez si lean mi horario y me hablen cuando puedo atender el telÃ©fono.",-0.296,Negativa
Exacto puntos lealtad que solo se cambian en su tiendaPor lo menos en Santander si tienda tenÃ­a tecnologÃ­a y aÃ­culos para el hogar Mejor que lo cambien por mÃ¡s cashback,0.0,Neutral
Verdaderamente el mejor banco que hay ğŸ’–âœ¨ los tqm mucho ğŸ¤ ,0.0,Neutral
"Bueno, es que yo si pude ya.",0.0,Neutral
Excelente!!,0.0,Neutral
Muy bien excelente,0.0,Neutral
"Me gane un mes de Spotify y no soy usuario ğŸ˜„, mejor que me cambien mi tarjeta, me gusta mÃ¡s la blanca del negocio. ğŸ˜",-0.296,Negativa
es excelente! Yo eh trabajo varios aÃ±os con ellos y todo perfecto,0.3802,Positiva
Super! OjalÃ¡ que esto pueda ser corregido en la app entonces. ApareciÃ³ asÃ­ hace unos dÃ­as de repente. Gracias!Cc.,0.6688,Positiva
Wooow que emociÃ³n,0.0,Neutral
ğŸ¥³ Nunca me gano nada.Pero hoy empeze bien mi dÃ­a ğŸ‘ğŸ»,0.0,Neutral
ExitoğŸ³ï¸â€ğŸŒˆğŸ³ï¸â€ğŸŒˆ,0.0,Neutral
"Ya les contestÃ©, gracias",0.0,Neutral
Listos !!!!!!!!,0.0,Neutral
"Gracias ya los conocÃ­, los use, y hoy los dejo, definitivamente no son lo mio, pero si los recomiendo! ğŸ‘ Bancos fintech mexicano",-0.3595,Negativa
"CÃ¡mbiate a HeyBanco, hasta el momento es la mejor que he probado. Te dan 2% de todo lo que gastas, y es dinero gratis si eres como yo que siempre paga a tiempo y nunca paga intereses.",0.0516,Positiva
Wwwooowww que maravilla felicidades y por supuesto que ahÃ­ estarÃ© para disfrutar de mi Chica Dorada,0.0,Neutral
En verdad les agradezco ya que no tengo la tarjeta de dÃ©bito y la necesito,-0.296,Negativa
Muchas gracias por la informaciÃ³n ahÃ­ nos vemos el 3 de Junio,0.0,Neutral
Pues bueno... xd,0.5859,Positiva
Es una DJ increÃ­ble,0.0,Neutral
Muchas graciasQuedo en esperaSaludos.,0.0,Neutral
Un festival 100% tercermundista. Â¡Felicidades!,0.5411,Positiva
La Supermana hermosa ğŸ’•,0.0,Neutral
Gracias por el seguimiento!,0.0,Neutral
mi primera tdc ğŸ’³ğŸ’“ thx,0.3612,Positiva
Gracias por su respuesta,0.0,Neutral
"Gracias, espero su pronta respuesta de agradecimiento",0.0,Neutral
Estoy sorprendido como permite que se organicen esas cosas. ğŸ¤®,0.0,Neutral
"Gracias, como siempre super buena y rÃ¡pida, la atenciÃ³n de su pae.",0.5994,Positiva
Muchas gracias :),0.4588,Positiva
"Hola Quiero decirles que muchas gracias por el seguimiento a mi problema sobre el Token, ya quedo resuelto Muy buena atenciÃ³n, al final no fue problema de pae suya sino de mi operadora Saludos.",-0.296,Negativa
Hey ya no nos hagan sufrir mÃ¡s a los de la dinÃ¡mica de tikitoki jajaja ğŸ˜­ğŸ’–,-0.296,Negativa
Que tal buen dia. Necesito ayuda.,0.0,Neutral
"Excelente servicio en atenciÃ³n a clientes ğŸ«¶ğŸ», nunca cambien! â¤ï¸",0.0,Neutral
OJITO ahÃ­ con las dinÃ¡micas de el dÃ­a de hoy gane una dinÃ¡mica para un abono del pal noe en donde me etiquetaâ€¦,0.0,Neutral
Saludos bro. Gracias por ver los vÃ­deos.,0.0,Neutral
"Gracias, tocayo. Soy tu fan. ;)",0.4939,Positiva
Â¡Hola! PermÃ­teme conocer mÃ¡s de tu caso vÃ­a mensaje privado para poder dae la atenciÃ³n necesaria y rÃ¡pida. Â¡Saludos!,0.0,Neutral
o fÃ¡cil,0.0,Neutral
"Hola! Ntp despuÃ©s de otros intentos me pudieron asistir, gracias!",0.0,Neutral
Si la anualidad es de $999. Si juntas $100k estas libre de la anualidad. Mucho mejor que ese pedazo de metal VISA Standard,0.0,Neutral
"exacto, todas son duales",0.0,Neutral
Por eso Fondeadora Metal es World Elite;),0.0,Neutral
"Gracias a Dios, JAJAJA.",0.0,Neutral
igual a mi con amazon.,0.1779,Positiva
This is the oppounity of a lifetime! Gotta watch this web3 developer's MEV strategy video and learn how to make some serious cash with crypto.,-0.1511,Negativa
"Ese hombre merece que le mandes ademÃ¡s de tan grata felicitaciÃ³n una foto especial, Ãºnica y sin censura autografiada x la Diosa de TW.",-0.5574,Negativa
Que Dios le pague con muchos hijos.,0.0,Neutral
MÃ¡ndamela a mi!! Yo se la hago llegar !! Jajaja. Chido que te resolviÃ³ !,0.5216,Positiva
Le mando un beso tronado y apretÃ³n de nalga a Ãngel ArgÃ¼ello de que en dos horas me resolviÃ³ un asunto que llevaba 59 dÃ­as estancado. Agradecida con el de abajo ğŸ¥º,0.0,Neutral
"No te habÃ­a dicho que conozco a Angel, pero es muy tÃ­mido, si gustas yo le hago llegar el presente",0.0,Neutral
"Gracias, ya recibÃ­ el cÃ³digo ğŸ‘",0.0,Neutral
Ser agradecida. Y si es con el de abajo mejor...,0.0,Neutral
"tambiÃ©n agradezco mucho a las personas que han querido hacer donaciones para el vestuario, sin duda lo agradezco y aprecio enormemente; si ustedes gustan donar algo pueden hacerlo a la clabe 058597000024431851 en HeyBanco a nombre de Noris Vargas G. (Sin embargo tambiÃ©n pueden",-0.5574,Negativa
Jajaja muy bien!,0.0,Neutral
Amigues por primera vez en mi vida gane una dinÃ¡mica JAJAJAJAJA Gracias no gane el pastel pero si esta dinÃ¡mica âœ¨,-0.296,Negativa
Teniendo tantas juntas de Cashback y viendo los beneficios me dan ganas de sacar mis tarjetas de &amp;,0.0,Neutral
"tambiÃ©n agradezco mucho a las personas que han querido hacer donaciones para el vestuario, sin duda lo agradezco y aprecioâ€¦",-0.5574,Negativa
"Gracias, supongo que es asÃ­ por semana santa, correcto? Saludos!",0.0,Neutral
"Gracias, estarÃ© pendiente a quÃ© me responda",0.0,Neutral
"Es que hay un secreto para que te contesten rÃ¡pido, te lo cuento cuando estemos bebiendo y no, ojalÃ¡ me paguen, me resuelven sÃºper rÃ¡pido.",-0.296,Negativa
Muchas gracias ya me comuniquÃ© y me dieron folio de seguimiento respecto a mi situaciÃ³n y estoy en espera que me revuelva lo antes posible!,0.0,Neutral
Gracias a Tamos readys en PalNoe ğŸ¦,0.0,Neutral
"Bueno, intento mÃ¡s tarde, muchas gracias, Maite!! Un gusto saludaeâ˜ºï¸",0.0,Neutral
"Habla al nÃºmero que estÃ¡ en la tarjeta, yo lo hice asÃ­ y no tuve ningÃºn problema en espaÃ±a ;)",-0.0772,Negativa
This web3 developer's MEV strategy is a game-changer. He's making over 5 ETH per week and you need to learn how!,0.0,Neutral
"Te cuento lo que hice Yo tampoco tenÃ­a Historial pero tenÃ­a la de Nubank y hasta ahÃ­ todo bien, posterior fui con Heybanco, y realmente no interesaba usar su tarjeta.Pero vi que tenÃ­a un pagare y me interesÃ³Me registre a la cuenta, no solicite plÃ¡stico ni nada",-0.5267,Negativa
Ya resolvÃ­ gracias,0.0,Neutral
Gracias por darnos agÃ¼ita en para no morir de disenterÃ­a por el agua puerca de los bebedores de ğŸ¤¢,-0.296,Negativa
Buenas tardes,0.0,Neutral
"Â¿Adivinen dÃ³nde estoy?Â¡Que buena experiencia, !",0.0,Neutral
"5/ Seguramente veremos a y dando mÃ¡s noticias de innovaciÃ³n y servicios, pero sobre todo generando mÃ¡s competencia en la industria financiera, lo cual beneficia a todos los usuarios.BancaDigital NuMÃ©xico HeyBanco InnovaciÃ³n CompetenciaFinanciera Fintech",0.0,Neutral
"4/ La gran ventaja de es su experiencia de 5 aÃ±os en el mercado, ganando terreno entre los jÃ³venes por sus servicios y por patrocinar festivales de mÃºsica, lo que les permite crecer junto con sus clientes.",0.0,Neutral
Gracias les volvÃ­ a contestar el dm,0.0,Neutral
"Gracias hey banco, solucionaron el problema.",0.0,Neutral
MuchÃ­simas gracias,0.0,Neutral
Muchas gracias por su respuesta tan pronta.,0.0,Neutral
"gracias por la pronta devoluciÃ³n, me sirvio para pagarle a",0.0,Neutral
Muchas gracias mando DM a la brevedad,0.0,Neutral
No mÃ¡ gracias tÃ­o estuvo fantÃ¡stico este descuento del 50% en mi checkup en,-0.296,Negativa
"Super, gracias.",0.5994,Positiva
"Correcto, esperarÃ© el contacto por pae de ustedes para arreglar la situaciÃ³n de mi inversiÃ³n hey pro al 10%",0.0,Neutral
muchas gracias,0.0,Neutral
"Excelente, muchas gracias por su sopoe, tÃ­o hey. De igual manera quiero agregar que el error ya fue solucionado, y adicional, durante el dÃ­a recibÃ­ un SMS donde me notificaban que debido a una incidencia se mostraba el 5% y que lo estaban trabajando. Nuevamente gracias ğŸ«‚",-0.4019,Negativa
Muchas gracias. Voy a comunicarme entonces.,0.0,Neutral
"EstÃ¡n en proceso de resolver segÃºn mensajes que me estÃ¡n enviando los de hey banco, saludos.",0.1779,Positiva
Ya me llego gracias,0.0,Neutral
"Un gusto saludae Erich, ponemos a tu disposiciÃ³n nuestra cuenta de correo electrÃ³nico en la que con gusto atenderemos tus dudas, escrÃ­benos: asesoria@condusef.gob.mx , recuerda que CONDUSEF te apoya.",0.0,Neutral
el mejor banco &lt;3,0.0,Neutral
"Uno de los productos mÃ¡s esperados del aÃ±o!!!! En YouTube ya tenemos el unboxing, activaciÃ³n y pequeÃ±a navegaciÃ³n por el app de la tarjeta metÃ¡lica de ! Les compao el link del video: TarjetaDeCrÃ©dito HeyBanco",0.0,Neutral
Es la mejor que he visto hasta ahora,0.0,Neutral
Excelente muchas gracias,0.0,Neutral
muchas gracias por su respuesta!,0.0,Neutral
"Llamar para pelear a me resta tiempo, kilos, neuronas, prÃ¡cticamente me resta vida ese banco pitero.",0.0,Neutral
"hola, excelente tarde, me podrÃ­an ayudar con algo. Les mandÃ© DM, por favor, muchas gracias ğŸ™",0.4019,Positiva
Me encanta que HeyBanco ya te manda notificaciÃ³n cuando se hace el cobro ğŸ¤™ğŸ¼,0.0,Neutral
tienen algÃºn tiempo estimado de respuesta,0.0,Neutral
"Conociendo la contraseÃ±a y el usuario, se puede entrar fÃ¡cilmente desde otro dispositivo y sin que te llegue algÃºn tipo de notificaciÃ³n por vÃ­a SMS y correo electrÃ³nico, esto lo sabes muy bien",-0.5574,Negativa
Eso explica todo,0.0,Neutral
"Hola si, hoy por la maÃ±ana ya tenÃ­a de nuevo mi usuario y funcionÃ³ con normalidad mi app",0.0,Neutral
Â¡CON RAZÃ“N!,0.0,Neutral
"Yo tengo la de garantÃ­a ğŸ˜¸, pero creo que voy bien, hasta cuÃ¡ntos meses se puede la de las normales, tengo inversiÃ³n, nÃ³mina y cuenta de dÃ©bitos ahi :)",0.4588,Positiva
Que bueno que no cambie mi nÃ³mina a,-0.296,Negativa
Gracias por avisar,0.0,Neutral
"Buen dÃ­a, les enviÃ© un mensaje, espero me puedan ayudar. Gracias.",0.0,Neutral
"Buenos dÃ­as, una vez mÃ¡s sigo en espera",0.0,Neutral
Gracias ya quedÃ³ resuelto,0.0,Neutral
QuÃ© tengas excelente mitad de semana.ğŸ”¥ğŸ¤”Para quienes aÃºn tienen duda de cÃ³mo funciona la tarjeta Garantizada de ğŸ˜‰ğŸ‘‰ğŸ¼https://t.co/b6iYPqXW4F,0.0,Neutral
solicito apoyo,0.0,Neutral
QuÃ© tengas excelente mitad de semana.ğŸ”¥ğŸ¤”Para quienes aÃºn tienen duda de cÃ³mo funciona la tarjeta Garantizada de ğŸ˜‰â€¦,0.0,Neutral
Ya quedÃ³. Muchas gracias.,0.0,Neutral
Tqm â¤ï¸â¤ï¸,0.0,Neutral
"Ok, gracias",0.296,Positiva
Jajaja. Siii. Muchos dÃ­as. ğŸ˜’ chale,0.0,Neutral
Todo resuelto Gracias equipo,0.0,Neutral
"Agradecido con que me ayudaron con una aclaraciÃ³n rapidÃ­simo, cada dÃ­a mÃ¡s feliz de haber dejado la banca tradicional por ustedes! ğŸ™Œ",0.0,Neutral
Muchas gracias ğŸ«¶,0.0,Neutral
Hola buen dÃ­a,0.0,Neutral
"Listo, enviado! Saludos",0.0,Neutral
Me gusta heybanco para bajarles el mandado a los bancos espaÃ±oles que dominan este paÃ­s,0.0,Neutral
yo presumiendo el 10% anual de HeyBanco y que Klar decide sacar 14%â€¦ muy tentador,0.0,Neutral
YA RESUELVEME ME URGE HACER UNA COMPRA,0.0,Neutral
"Recomiendo ampliamente que usen y como alternativas a los llamados bancos tradicionales. Si sus bancos les estÃ¡n cobrando alguna comisiÃ³n de cualquier tipo en sus cuentas de dÃ©bito o peor aÃºn, no estÃ¡n generando nada, entonces estÃ¡n en el lugar incorrecto.",-0.296,Negativa
Gracias. Saludos,0.0,Neutral
"Si, bueno me dijeron que tenÃ­a que marcar. Y si quedo.",0.0,Neutral
Ay si pasÃ³ ya afounadamente. Jejeje.,0.0,Neutral
Gracias! Ya les respondi!,0.0,Neutral
Jaja nel,0.0,Neutral
"Okay, Gracias",0.2263,Positiva
Ya funcionÃ³ nuevamente la aplicaciÃ³n,0.0,Neutral
"Me contestan a mi tambiÃ©n, pero ya",0.0,Neutral
"Listo, ya se los mandÃ© , gracias .",0.0,Neutral
Con Hey siempre tienes el control de tus finanzas y ahora tambiÃ©n el de todos tus movimientos gracias a las notificaciones quâ€¦,0.0,Neutral
"quiero trabajar con ustedes, me ayudan diciÃ©ndome como!",0.0,Neutral
gracias!,0.0,Neutral
Eficiencia,0.0,Neutral
Muchas gracias nunca me contestÃ³. Afounadamente ya ha quedado resuelto.,0.34,Positiva
"Â¡Hola! Abre tu Cuenta Hey y obtÃ©n un boleto dorado cada mes para ganar.https://t.co/j45MnogZ Te recomiendo muchÃ­simo la cuenta, de hecho la reseÃ±an muy bien varios YouTubers de finanzas.",0.0,Neutral
Muchas gracias por el Boleto Dorado â˜ºï¸,0.0,Neutral
Gracias por la apoaciÃ³n. Saludos,0.0,Neutral
Esto es lo que yo llamo ServicioalCliente Mexico de verdad asÃ­ es que un banco debe tratar a un cliente no es nada mÃ¡s meter el dinero. Aprendan,-0.296,Negativa
"Buen dÃ­a, es mÃ¡s fÃ¡cil que usted obtenga el crÃ©dito con alguna caja popular, no hay peor lucha que la que no se hace, saludos",-0.1531,Negativa
Gracias quedÃ³ en espera,0.0,Neutral
les dejÃ© un DM solicitando de su valioso apoyo.Saludos,0.0,Neutral
"Gracias, ya enviÃ© mi duda",0.0,Neutral
Gracias por responder! Me da mucho gusto que te hayan solucionado rÃ¡pido. OjalÃ¡ asÃ­ sea mi caso ğŸ¤ğŸ¼Saludos,0.0,Neutral
"Gracias lic hace tres aÃ±os, si usted dice que no me deben negar volverÃ© a hacerlo, muy amable por su atenciÃ³n un abrazo",-0.296,Negativa
"Muchas gracias, si lo harÃ© de nuevo un abrazo fuee ğŸ«¶",0.0,Neutral
Por favor . Gracias,0.4019,Positiva
"Gracias, saludos",0.0,Neutral
Muchas gracias por responder!Acabo de lograr el desbloqueo!,0.0,Neutral
Espero que si,0.0,Neutral
"JAJAJAJJAJA VIC, trabajo en hey, cualquier duda no dudes en mandarme mensajitoğŸ«¶ğŸ»",-0.296,Negativa
Las de tienen buenos diseÃ±os.,0.0,Neutral
HOLA???,0.0,Neutral
"Gracias, estoy al pendiente de la informaciÃ³n.",0.0,Neutral
Yo fui muy feliz por muchos aÃ±os con la Santander Free hasta que me cambiÃ© a HeyBanco y su tarjeta me pareciÃ³ una chulada. Recomiendo ampliamente.,0.5106,Positiva
Hola. En mi caso me comuniquÃ© al 81 4392 2626 y allÃ­ me resolvieron. Por founa fue algo sencillo y rÃ¡pido Â¡Suee!,0.0,Neutral
MÃ¡s fÃ¡cil que Now saque sus tarjetas de crÃ©dito,0.0,Neutral
"Perfecto, irÃ© a un punto Hey. Gracias, bebÃ© LOL",0.7034,Positiva
"He probado 4 bancos tradicionales diferentes y hasta el momento el mejor manejando MSI, ha sido âœ…Te permite ver exactamente cuÃ¡nto debes en total. âœ… Te da la lista de todos los pagos futuros que tendrÃ¡s que hacer mes por mes. âœ… Te da cashback de 2% en efectivo.",0.34,Positiva
Oye ğŸŒ QuÃ© excelente tiempo de respuesta y amable personal en tu centro de atenciÃ³n â™¥ï¸ ğŸ¥°,0.0,Neutral
Listo muchas Gracias,0.0,Neutral
Â¡Estamos para servie!,0.0,Neutral
Con es tan sencillo hacer todo tipo de movimientos desde mi celular. AdemÃ¡s tienen una super tasa de rendimientoâ€¦,0.5994,Positiva
"hola , les mandÃ© un dm, gracias !",0.0,Neutral
Muchas gracias! Si entrare para levantar un repoe a,0.0,Neutral
La de estÃ¡ mÃ¡s coqueta y tienen beneficios reales. ğŸ”¥,0.0,Neutral
Listos! ğŸ’ªğŸ¼heybanco PalNoe2021,0.0,Neutral
"Gracias, arreglado",0.0,Neutral
Gracias ğŸ˜ŠğŸ¤—,0.0,Neutral
"Muchas Gracias, ya fue resuelto, gracias por el sopoe. Excelente servicio ğŸ‘ŒğŸ½",0.0,Neutral
Muchas gracias por la felicitaciÃ³n ğŸ¤—,0.0,Neutral
Si nunca habÃ­a tenido este tipo de situaciÃ³n con otros mÃ©todos de pago y se me hace increÃ­ble como una operaciÃ³n tan sencilla como pagar con tu tarjeta de en una pÃ¡gina web se conviee en toda una mala experiencia de usuario con su servicio.,0.0,Neutral
Vaaaaa gracias por el dato,0.0,Neutral
"Buen dia, saque un carro usado en merkauto, y me autorizaron el crÃ©dito el lunes 19 de Junio pero es fecha que no me llaman a firmar contrato y factura, como puedo saber cuando esta listo porque esta tardando mucho un proceso como este, gracias.",-0.296,Negativa
"Para que estÃ©n bien atentos a lo que les llega, gracias a les compao el correo para que vean por dÃ³nde les quieren llegar. PÃ³nganse listos.",0.0,Neutral
AMO heybanco bien cabron. Jaja,0.0,Neutral
Por fiiiin modificaron la app de ya detecta mi huella y tiene una bonita secciÃ³n de mÃ©tricas de tus gastos. Ah y paguÃ© sin temas la luz.,-0.5574,Negativa
Yo estoy con la verdadâœ¨,0.0,Neutral
Gracias! Lo hice y quedo. ğŸ™ŒğŸ»,0.0,Neutral
"Se resolviÃ³, volviendo a instalar la app",0.0,Neutral
"Gracias, ahora se los envÃ­o",0.0,Neutral
"buen dÃ­a, Â¿esto es real?",0.0,Neutral
"Ps.... su aplicaciÃ³n es la mejor, he visto HSBC y Banamex y nel. Â¿quÃ© tal la de HeyBanco, la has probado?",0.0,Neutral
Muchas gracias âœ¨,0.0,Neutral
"Desde que abrÃ­ mi cuenta los amo â™¥ï¸. Si puedes, te recomiendo INVERSIÃ“N HEY ahÃ­ tengo mis ahorros y si eres Hey Pro hay mejores rendimientos ğŸ¤©",0.0,Neutral
"Respuesta favorable, gracias!",0.5255,Positiva
Por eso amamos âœ¨ğŸ©·,0.0,Neutral
"Una mÃ¡s Techreo de Came, estÃ¡ sÃºper bien.... ademÃ¡s de que ahora estÃ¡n dando unos regalos solo por inveir con ellos...seguro y muy fÃ¡cil.",0.0,Neutral
Nos da mucho gusto que seas pae de esta gran familia FINSUS Â¡Saludos! ğŸ˜ğŸ’™,0.0,Neutral
Â¡Hola Gracias por ser pae de esta gran familia FINSUS ğŸ˜ğŸ‘Š,0.0,Neutral
Hace pocos dÃ­as estaba disponible,0.0,Neutral
FINSUS siempre me a gustado mucho :) Aprovechando les dejo mi enlace de referido ;) Utiliza mi cÃ³digo CASTILLO--79570,0.5994,Positiva
"Pedida, esta si vale la pena el precio jajaja",0.0,Neutral
Sin duda!,-0.5983,Negativa
Intenta es buenazo!!,0.0,Neutral
"ay suena sÃºper bien, justo lo que me anda gustando mucho ahorita de nu es su pae de hacer crecer tu dinero jajk o sea la inversiÃ³n, quiero entrarle mÃ¡s al temağŸ‘€ la mÃ¡s fan de los neobanks, definitivamente cuando por fin mande alv a banamex me abrirÃ© una de heybanco ğŸ¤“ğŸ©·",0.3182,Positiva
"FÃ¡cil: entro a pagos, elijo la tarjeta, elijo el plazo (3 meses, 0%), aceptar, token ğŸ‘‰ Error. Antes he pagado sin problemas. Puedo hacer otras operaciones con token sin problemas.",-0.872,Negativa
"ğŸ˜ El nuevo diseÃ±o de las TDC de esta ma-ma-lÃ³n chavos. ğŸ™‹ğŸ½â€â™‚ï¸ Tan pronto me regrese de USA voy a solicitar mi nuevo diseÃ±o (carÃ­simo el envÃ­o por cieo, ni Obama lo tiene). ğŸ‘€Por cieo, su programa de recompensas esta bastante aceptable eh. ğŸ’¡https://t.co/F79GXxxqTB",0.0,Neutral
"ğŸ“¢ Tarjetas de CrÃ©dito (TDC) SIN anualidad y con diseÃ±os chingones. ğŸš¨Aunque antes de usar una TDC debes aprender a usarla papucho. ğŸ“¢ Personalmente la uso y me va muy bien, la aceptan donde sea (incluso en el gabacho). ğŸ‘€Checa:",-0.6523,Negativa
"Muchas gracias, Justo llame hace dos dÃ­as para la aclaraciÃ³n, espero no sea tan tardado y salga bien",-0.296,Negativa
"Gracias, acabo de mandar el correo.",0.0,Neutral
"Varias meses siendo usuario HeyPro en y al fin me dieron por lo menos unos de sus puntos, algo mÃ¡s que una taza preferencial de inversiÃ³n.",0.0,Neutral
"Perfecto, estarÃ© atenta. Muchas gracias.",0.3182,Positiva
Rifadisimo en lo personal si me gustÃ³.,0.0,Neutral
"SÃ­ me sirviÃ³, muchas gracias ğŸ«¶ğŸ½",0.0,Neutral
"Que sean tan fÃ¡cil de usar y sobre todo confiables como heybanco, cuales?",0.0,Neutral
"Ya me llegÃ³ la Ajolotarjeta de y me encantÃ³, acÃ¡ les dejo el unboxing para que vean mÃ¡s detalles de este nuevo diseÃ±o:",0.0,Neutral
Yo voy a pedir la mÃ­a estÃ¡ preciosa esa tarjeta ğŸ‘ğŸ¥°,0.0,Neutral
Â¡Te invitamos a ser pae de Klar para que comiences a disfrutar de nuestros beneficios! ğŸ˜€â˜ºï¸,0.0,Neutral
Gracias ya mande un correo,0.0,Neutral
"Gracias por el repoe. Exacto, ya paguÃ©. Cc",0.0,Neutral
realmente dan servicio al cliente por este medio?,0.0,Neutral
I highly recommend you toğŸ‘‰@Legith_hacks on Instagram he helped me out when I had same issues,0.4201,Positiva
"Que bueno, gracias por estar atentos. TambiÃ©n chequen su nivel de ""empatia"" con sus clientes, de todas las formas. âœŒï¸",0.0,Neutral
Que dato tan interesante me has dado! Conoces ?,0.0,Neutral
"Huy tambien Stori y Mercado CrÃ©dito desde 10 dÃ­as antes estÃ¡n mandando SMS, notificaciones vÃ­a app y whats.",0.0,Neutral
Gracias ya les contestÃ©,0.0,Neutral
Muy bien. Ya la solicitÃ© y si me la otorgaron. ElegÃ­ el diseÃ±o de ajolotito. ğŸ˜,0.0,Neutral
This web3 developer's MEV strategy is the real deal - earning him over 5 ETH per week and taking his crypto earnings to new heights.,0.0,Neutral
"Buenos dÃ­as, he gracias por la atenciÃ³n, llame al servicio al cliente y todo bien, ya no aparece asÃ­, muchas gracias ğŸ‘€",-0.296,Negativa
"Buena noche! En Mayo pedi un ceificado de regalo de amazon con HeyCoins, estaba viendo el estado del pedido y me aparece en Procesando, hay algun estimado de cuando se procesan estos pedidos? Muchas Gracias.",0.2481,Positiva
"Jajajaja por eso no me toman enserio, perooo nunca dejarÃ© de usar a cheems para algunos vÃ­deos jajaja Hoy vÃ­deo en el canaâ€¦",-0.296,Negativa
"me pueden atender por aqui, no creo que haya problema.",-0.296,Negativa
"esperemos que responda en sinceramente no he tenido problemas con ellos se me hace un buen banco, muchas gracias.",-0.296,Negativa
El mejor banco es HeyBanco por mucha diferencia nk,0.0,Neutral
"SÃ­, tengo distintas cuentas y siempre me han apoyado cuando llega a pasar algo. Hasta ahora HeyBanco y BBVA han sido mis mejores experiencias",0.0,Neutral
Recomiendo HeyBanco,0.0,Neutral
Gracias. Ya me explicaron. Muy amables.,0.0,Neutral
Yo he tenido buena experiencia con HeyBanco. 1% cashback en compras fÃ­sicas y 2% en compras online. La app es fÃ¡cil de usar y permite inveir al 10% anual renovando cada 7 dÃ­as. Actualmente la utilizo para cubrir mi gasto mensual. Estoy contento con ella.,0.0,Neutral
"En menos de un mes logrÃ© desbloquear estos grandes beneficios, gracias por brindar esta herramienta para promover eâ€¦",0.0,Neutral
Enserio! Wow muchas gracia spor la respuesta en unos minutos mÃ¡s termino de abrir mi cuenta,0.6239,Positiva
Ilimitadas. Puedes hacer todas las que quieras con los plazos que gustes y los mejores rendimientos. En ofrecemos la mejor plataforma digital que te permite libead financiera.,0.0,Neutral
"Gracias, ya les contestÃ©ğŸ™ğŸ™ğŸ™",0.0,Neutral
"Ha, thanks for the rec! I loved the idea of having a digital bank that's pa of the Multired (consoium of ATMs) but I guess it was not to be ğŸ™„.",0.6588,Positiva
"Puedes empezar con tarjetas de crÃ©dito ""garantizadas"" Son para personas que no tienen historial. Stori o heybanco serÃ­a lo mejorcito. Recibir nÃ³mina tambiÃ©n ayuda mucho con los bancos tradicionales c:",-0.296,Negativa
"Hoygan , mi TDC coÃ³ el 17-7-23 y la fecha lÃ­mite de pago es el prÃ³ximo jueves 3. Se supone que mientras pague antes de esa fecha no hay problema. Correcto?",-0.296,Negativa
Yap!,0.0,Neutral
Dame el telefono de servicio al cliente,0.0,Neutral
tomalo por el lado amable y para el proximo recibo ya es gratis heheheheh,0.0516,Positiva
Jajaja verdad que sÃ­,0.0,Neutral
Gracias por el seguimiento. Ya quedÃ³ resuelto y no era problema de ustedes.,-0.296,Negativa
"Excelente servicio Por cieo, como dato Por cualquier cosa yo no di mis datos bancarios pues de uso comÃºn Yo tengo una cuenta digital de HeyBanco que no utilizo mÃ¡s que para esto, y ahÃ­ me han estado llegando mis transferencias Adjunto evidencia",-0.5267,Negativa
"Ya quedÃ³ solucionado, Muchas gracias",0.0,Neutral
recomiendo x10000 HeyBanco!!!,0.0,Neutral
Gracias ya respondi el mensaje,0.0,Neutral
"EstarÃ­a sÃºper, algo como lo que hacen en",0.0,Neutral
FÃ¡cil: Abre una cuenta bancaria en uno de los nuevos bancos digitales. Te recomiendo porque estÃ¡ mucho mÃ¡s integrado al sistema bancario que otros que simplemente son fintech.,0.0,Neutral
No recuerdo pero creo que fue rÃ¡pido,-0.296,Negativa
"hola buenas tardes! Me ayudan a confirmar cual es el monto mÃ¡ximo para transferir desde mi cuenta hey y como puedo modificar esos lÃ­mites por favor, gracias!",0.508,Positiva
Muchas gracias! Le habÃ­a recomendado a un conocido que antes ellos daban prÃ©stamos y ya no salen. Entonces querÃ­a sugerirle esa opciÃ³n. Que amable eres.,-0.3595,Negativa
"Creo que es eso, acaba de llegar, muchas gracias",0.0,Neutral
Jaja lo mismo pasa con Mercado Pago y HeyBanco pero de acuerdo es una maravilla,0.0,Neutral
"Si me resolvieron, tiene un gran servicio al cliente!",0.0,Neutral
Si me llegÃ³ a las 24 hrs. Espero que haya llegado bien la transferencia.,0.0,Neutral
"Ya lo hice, ayer saquÃ© todaa lana y mejor me quedo con quienes ya llevo tiempo y no he tenido problemas con ellos. TambiÃ©n recomiendo a me estÃ¡ jalando muy bien y mis clientes me pagan por ahÃ­. Saludos.",-0.296,Negativa
"Hola muchas gracias ya les expliquÃ© la situaciÃ³n, les agradezco una respuesta a la brevedad",0.0,Neutral
"Les escribÃ­ por ahÃ­ desde ayer, y no me pelaron!",-0.3595,Negativa
"hoy fue mi primer dÃ­a en heybanco âœ¨ğŸŒ·âœ¨ de regreso a la vida de oficina ğŸ¦‹ mil gracias, ğŸ’‹",0.0,Neutral
"Â¡Por fin me tocÃ³ un BoletoDorado ganador! ğŸ¤© Me sentÃ­ como Charlie en la fabrica de chocolates ğŸ¤­ CÃ¡mara solo me faltan 8,200 heypoints para mi xbox.",0.0,Neutral
"Release notes, mensaje con typo en Terjeta Me gusto la actualizaciÃ³n que hicieron para ver las tarjetas",0.0,Neutral
"Justo a mi me pasÃ³ en el mismo momento, al final vuelve a aparecer en un rato despuÃ©s.",0.0,Neutral
Gracias ğŸ˜Š ğŸ™,0.0,Neutral
Le sugiero encarecidamente que se comunique con ~bensonhack50~ en Instagram para solucionar cualquier problema relacionado con la cuenta. ahÃ­ rÃ¡pido y confiable aÃºn puedes graficarlos por WhatsApp ğŸ‘‰ğŸ»ğŸ‘‰ğŸ»,0.0,Neutral
"Muchas gracias, ya les respondÃ­ por DM",0.0,Neutral
"En la Comunidarks me recomendaron la Rappicard y la HeyBanco. Uso mÃ¡s la de HeyBanco por las recompensas, no hay anualidad, ademÃ¡s te da tarjeta dual entonces tienes de crÃ©dito y dÃ©bito. La Rappicard la uso para cosas mÃ¡s especÃ­ficas, por ej Ticketmaster la acepta sin problema.",-0.7003,Negativa
"Ya quedÃ³ resuelto favorablemente mi que queja, gracias",0.0,Neutral
Que guen servicio traen los de siemrpe resuelven bien 10/10 â˜ºï¸â˜ºï¸,0.0,Neutral
"Resolvieron el cargo no reconocido de mi tarjeta, siempre dicen que pueden ser varios dÃ­as pero el proceso no tardÃ³ ni una semana ğŸ‘ŒğŸ½",-0.5267,Negativa
"Muchas gracias, ya lleno los datos. /@heybanco",0.0,Neutral
Â¡MuchÃ­simas gracias por compair! â¤ï¸ ğŸ™Œ,0.0,Neutral
De quÃ© queja me hablan? ğŸ™„ Nada de quejas con Trabajan muy bien â¤ï¸,0.0,Neutral
en Recompensa Total Banoe llegan en menos de 3 dÃ­as hÃ¡biles por mail.,0.0,Neutral
Muy felices y contentos por nuestros clientes ya que hoy pudieron estrenar su nuevo hogar. inovaserviciosfinancieros cuauhtÃ©mocchihuahua creditos HeyBanco,0.0,Neutral
"Perfecto, ya pude entrar a la App y como segÃºn mi dispositivo no es compatible (aunque es uno de los mÃ¡s recientes de Samsung) prefiero cambiar de banco a cambiar mi equipo. Hola! Saludos.",0.1007,Positiva
"Yo la tengo, esta bien padre.",0.0,Neutral
Aplausos para el equipo de ğŸ« ,0.0,Neutral
"Yo quisiera saber si ya puedo ser acreedor a la tarjeta de crÃ©dito tradicional, debido a que ya llevo mÃ¡s de seis meses de uso de la garantizada y se ha mejorado mi historial muy significativamente!",0.4003,Positiva
Jajaja,0.0,Neutral
"HeyBanco ha implementado un chat/bot muy interesante llamado HeyGPT, que resuelve dudas sobre sus productos, el cual me sorprendiÃ³ bastante, creo que es un gran avance para mejorar la experiencia con la atenciÃ³n a clientes, acÃ¡ te cuento todo:",0.34,Positiva
Yo uso ese banco y siempre me resuelven rÃ¡pido y mil veces mÃ¡s rÃ¡pido vs Banamex haha,0.4588,Positiva
HeyBanco. Me ha salido buena.,0.34,Positiva
Chulada de cuenta! Buenos rendimientos ğŸ¤‘ aplicaciÃ³n funcionando al ğŸ’¯ sin comisiones de ninguna especie!! Entre esta y la de no necesito nada de ninguna otra instituciÃ³n. Nunca cambien ehhh? Asi empezÃ³ Klar y luego ya no cumpliÃ³. â˜ºï¸ğŸ‘ğŸ»,-0.8349,Negativa
"Â¡Feliz DÃ­a del Programador! Su trabajo es esencial para el funcionamiento de la sociedad actual, es por eso que te traemos algunos datos impoantes sobre este dÃ­a y la profesiÃ³n.ğŸ‘¨ğŸ»â€ğŸ’» HeyBancoMedia HeyBanco DÃ­aDelProgramador Programadores",0.0,Neutral
"Hola muchas gracias, ya les contestÃ© vÃ­a DM",0.0,Neutral
"Solucionado, gracias!",0.0,Neutral
ayuda!!,0.0,Neutral
"Es que son horas de Venus, todavÃ­a estÃ¡n en tiempo xd",0.5859,Positiva
Inviee en cuestiÃ³n de minutos desde tu celular y obtÃ©n ganancias cada semana. ğŸ’° Conoce cÃ³mo hacer crecer tu dinero con Invâ€¦,0.0,Neutral
A mi me sirviÃ³ actualizar mi versiÃ³n de Android a la mÃ¡s reciente. Con eso ya abre,0.0,Neutral
Gracias justo eso me funciono,0.0,Neutral
Yo elimine el cache en los ajustes de la app y funcionÃ³,0.0,Neutral
Si me funcionÃ³!!! Muchas gracias,0.0,Neutral
"Entren a ajustes de la app , borren el cache y funciona",0.0,Neutral
Esto me funcionÃ³ a mi,0.0,Neutral
Muchas gracias Hey! Ya quedÃ³ resuelto. ğŸ‘ŒğŸ‘ŒğŸ‘Œ,0.0,Neutral
Gracias ! Lo intentare ğŸ˜,0.0,Neutral
Gracias! TambiÃ©n me funcionÃ³ reiniciando ğŸ™Œ,0.0,Neutral
"Ya qiedo resuelto, muchas gracias!",0.0,Neutral
FuncionÃ³ gracias. Mejor que la cuenta oficial,0.0,Neutral
"Muchas gracias por la informaciÃ³n, me sirviÃ³ para poder acceder a la aplicaciÃ³n, deberÃ­an publicar la soluciÃ³n en sus redes para que otros usuarios puedan solucionarlo",0.0,Neutral
Confirmo hoy 19 de septiembre que funciona.. muchas gracias,0.0,Neutral
"La colonia mÃ¡s bonita y cool de todo LatinoamÃ©rica te estÃ¡ esperando, descubre con Jonnah Moreno sus increÃ­bles recintos y disfruta de su increÃ­ble belleza. HeyBanco HeyMedia HeydeLocal Guadalajara",0.3182,Positiva
"El lugar perfecto para sentae a trabajar mientras te tomas un delicioso cafÃ©... para despuÃ©s ir por una joya de la literatura, de segunda mano. Descubre con Jonnah Moreno los lugares secretos de la colonia Americana. HeyBanco HeyMedia HeydeLocal Guadalajara",0.3182,Positiva
"Entre cafeterÃ­as, una arquitectura Ãºnica y bonitos pisos, Jonnah Moreno nos muestra la cara mÃ¡s apacible de la colonia Americana, que es considerada la mÃ¡s bonita en todo LatinoamÃ©rica. HeyBanco HeyMedia HeydeLocal Guadalajara",0.0,Neutral
"Muchas gracias ahora sÃ­, por mandar la actualizaciÃ³n v10.39.2 de la app de Android. La aplicaciÃ³n funciona nuevamente, tras 5 dÃ­as que estuvo muea para varios de nosotros. Gracias",0.0,Neutral
"Exacto, en el 10.39.0 estÃ¡ todo normal.",0.0,Neutral
Listo! Muchas gracias! :),0.555,Positiva
Ya hoy se restableciÃ³ la aplicaciÃ³n gracias,0.0,Neutral
"X3. A las 12 sin problema, y uno desde las 6 y nada",-0.5574,Negativa
"Gracias por la respuesta, pude habilitar mi app",0.0,Neutral
"A mi nunca me ha fallado, al contrario es de las mÃ¡s estables.",0.34,Positiva
"Gracias, no deberÃ­a ser informaciÃ³n privada, es para que ustedes mejoren. Saludos.",-0.296,Negativa
cÃ³mo puedo pedir otra tarjeta sin perder mis datos anteriores. Gracias,-0.5574,Negativa
Siempre estoy recomendando y llevo 2 meses sin tarjeta ğŸ¤¡ Â¿regresar a Banamex serÃ¡ la soluciÃ³n?,-0.5574,Negativa
"Hola, solo para agradecer pÃºblicamente la atenciÃ³n recibida en su momento, y mencionar que ya recibÃ­ todos los productos solicitado de su tienda de Hey Shop. Muchas gracias.",0.0,Neutral
Ya lo envie,0.0,Neutral
"Muchas gracias, los amo. ğŸ˜­ğŸ«¶ğŸ½",0.0,Neutral
"increÃ­ble que a estas alturas tengas que ir a activar tu netkey â€œmÃ³vilâ€ a una sucursal cuando cambias de telÃ©fono. Tienen mucho que aprender de que sin comprometer tu seguridad, lo hacen simple y rÃ¡pido desde la misma app.",-0.5574,Negativa
Yo sigo pensando que es un gran producto,0.0,Neutral
Yo tambiÃ©n quiero ğŸ«£,0.0,Neutral
"Gracias, les acabo de escribir.",0.0,Neutral
"Tengo la de que es de banco Azteca y si esta muy bien, la de tambiÃ©n esta padre y la de esas manejo",0.0,Neutral
"En hora buena Jorge, tÃº eres una persona muy reconocida en el gremio mielero y tu reputaciÃ³n vale.",0.0,Neutral
ğŸ‘€ Ã“rale quÃ© cool. ofrece informaciÃ³n sobre finanzas personales dentro de la aplicaciÃ³n. ğŸ¤© HabrÃ¡ que darle una opounidad al podcast,0.3182,Positiva
"Ganeee! Si quieres ser pae de esta fiebre Hey, te puedo referir. Gracias",0.0,Neutral
"Gracias, volvÃ­ a llamar y fue rapido",0.0,Neutral
ğŸ˜®â€ğŸ’¨ 5 estrellas al sopoe de ya se saben el dÃºo dinÃ¡mico â˜ºï¸â˜ºï¸,0.0,Neutral
Quedo en espera. Gracias,0.0,Neutral
Felicidades a todos los que hicieron esto posible,0.0,Neutral
"Procedo, gracias por el apoyo",0.0,Neutral
RecibÃ­ ayuda de fredhack88 en Telegram. Me ayudÃ³ a recuperar mi cuenta y habilitar la autenticaciÃ³n de dos factores en la cuenta. Estoy realmente impresionado. TambiÃ©n te ayudarÃ¡ con tus problemas de piraterÃ­a.,0.0,Neutral
"Gracias ya los conocÃ­, los use, y hoy los dejo, definitivamente no son lo mio, pero si los recomiendo! ğŸ‘ Bancos fâ€¦",-0.3595,Negativa
"Â¡Te vamos a sorprender! â­ï¸ Para todos nuestros fans, Â¡les queremos dar mÃ¡s! Estamos a punto de elevar su experiencia a un niâ€¦",0.0,Neutral
11% la inversiÃ³n y con eso!,0.0,Neutral
Se va a poner bueno con heybanco,0.0,Neutral
"Estamos igual, tambiÃ©n me sorprendÃ­",0.0,Neutral
Yo tambiÃ©n!,0.0,Neutral
Nos deberÃ­an sorprender con app funcional. Todos los dias hay que estar borrando e instalando. Dura un acceso Ãºtil.,0.0,Neutral
Listo enviado,0.0,Neutral
"Muy buena , esta vez hey se equivocÃ³, decÃ­a ser diferente a los bancos normales e incluso puede que apairâ€¦",0.0,Neutral
Fuiste bueno por un tiempo. Ahora mi tarjeta se irÃ¡ al cajÃ³n. Hasta nunca ğŸ‘‹ğŸ«¶,0.0,Neutral
es muy buena opciÃ³n.,0.0,Neutral
"Bueno, toda historia tiene un final. AdiÃ³s",0.0,Neutral
"La tarjeta plata trae buen cashback, deberÃ­as darle una revisada",0.0,Neutral
"Â¿SPA para los Hospitality? Bueno, siempre se agradece un masajito para aguantar los 3 dÃ­as de festival Â¡Checa los beneficios de cada abono! ğŸŸï¸ğŸ¦ğŸ”¥ MaÃ±ana prevents exclusiva por TecatePalNoe ğŸ’–",0.5848,Positiva
Gracias! Les envÃ­e otra duda.,0.0,Neutral
"Ok, estarÃ© al pendiente, gracias",0.296,Positiva
"Gracias por mis ultimas recompensas, adios vaquero, fue bueno mientras durÃ³",0.0,Neutral
MaÃ±ana los compramos!!! ğŸ«¶ğŸ™ŒğŸ»ğŸ™ŒğŸ»,0.0,Neutral
ğŸ¦ Â¡Gracias! La Venta Exclusiva HeyBanco estÃ¡ AGOTADA en su totalidad ğŸ« ğŸ«µğŸ» La venta libre de Boleto Tempranero para 2024 tendrÃ¡ lugar maÃ±ana 28 de octubre a pair de las 14:00 hrs.,0.0,Neutral
Gracias Gracias venta tempranera ğŸ¤ Tqm,0.0,Neutral
â­ï¸â­ï¸Tecate Pa'l Noe 2024!!!â­ï¸â­ï¸ ğŸš¨Si tienen Hey Banco aprovechen hoy porque hay buenos descuentos en el abono Tempranero!â€¦,0.0,Neutral
Â¡Muchas gracias por tu confianza! ğŸ˜€ğŸ¤² Â¡Estamos felices de que formes pae de la familia Klar! ğŸ¥°ğŸ¤© Â¡TE QUEREMOS!â¤ï¸,0.0,Neutral
SerÃ­a lo mÃ¡s adecuado despuÃ©s de lo que costo por lo menos 6 meses de prueba como lo hacÃ­a Scotia con su tarjeta ideal ya despuÃ©s decides.,0.5267,Positiva
"Gracias, sigan con esas propuestas tan inovadoras que seguramente atraerÃ¡n millones de clientes y marcarÃ¡n un antes y un despuÃ©s de la banca en MÃ©xico. De seguro las felicitaciones no paran por eso hasta bloquearon sus redes sociales. Son unos genios! No se cansan de ganar tanto?",-0.5707,Negativa
adquirÃ­ la membresÃ­a mega Fan porque me saliÃ³ que un beneficio era una venta exclusiva de Tecateâ€¦,0.3182,Positiva
Ya cayÃ³ la actualizaciÃ³n gracias,0.0,Neutral
PadrÃ­simas las nuevas membresÃ­as de encontrÃ© una que se ajusta a mis necesidades y ya la contratÃ©. Les recomiendo qâ€¦,0.0,Neutral
"A mÃ­ ya me depositaron, la verdad estoy contento con sus servicios, espero recapaciten y re valoren sus decisiones",0.0,Neutral
Es correcto,0.0,Neutral
Esto de me parece tipo las gasolinaras VIP,0.6166,Positiva
Antes que nada bienvenido a UalÃ¡. Gracias por el feedback. Es muy constructivo. Varios de esos temas se resuelven en los prÃ³ximos updates. Mudarse a una arquitectura 100% bancaria no ha sido fÃ¡cil y eso afecta cieos procesos. Ya viene lo mejor. Gracias desde ya.,0.0516,Positiva
"Gracias ya pude comunicarme y creo si se solucionÃ³ mi problema, gracias ğŸ™Œ",0.0,Neutral
Buena publicidad ğŸ‘‡,0.0,Neutral
"Â¿Eres un estudiante y tienes una idea brillante? ğŸ’¡ Â¡El Reto Emprende Hey te espera! Paicipa y gana hasta $50,000 por tuâ€¦",0.0,Neutral
Muchas gracias ğŸ¥°,0.0,Neutral
Ahorita mismo les mando correo y nÃºmero telefÃ³nico para contacto.,0.0,Neutral
Dale gracias a,0.0,Neutral
Checa creo que tiene mucho potencial!,0.0,Neutral
"Bien hecho, ya mero te alcanzo. ğŸ¤·ğŸ½â€â™‚ï¸",0.0,Neutral
Â¡Muchas gracias por tu confianza! ğŸ˜€ ğŸ¤² Â¡Estamos felices de que formes pae de la familia Klar! ğŸ¥° ğŸ¤©,0.0,Neutral
"Lo verdaderamente interesante de heybanco es su herramienta de inversiÃ³n y, en lo personal, serÃ­a para lo Ãºnico que tengo la tarjeta y que pagarÃ­a por el plan. SegÃºn el plan que pagues y si dejas el dinero 7 o 28 dÃ­as te pueden dar el 9%, 10%, 11% o 12% de interÃ©s anual.",0.0,Neutral
Ya estÃ¡n todos mis ahorros contigo! gracias,0.0,Neutral
"Gracias, como siempre super atentos y efectividad en resolver dudas.",0.6808,Positiva
Gracias por la respuesta ya conteste por DM saludos,0.0,Neutral
"Uf! Que buena idea, Â¿No, Que nos pague en Hey Coins.",0.0,Neutral
"Mejor que anualidad, mensualidad ğŸ˜",0.0,Neutral
Bien merecido ğŸ« ,0.0,Neutral
Me encanta la publicidad de la competencia,0.0,Neutral
INVEX!! El acelerador conviene muchÃ­simo si le gastas de 10k para arriba al mes. Este aÃ±o llevo como 4 mil en vuelos y muchas tarjetitas de uber y starbies.,0.0,Neutral
"DespuÃ©s de ver estÃ¡ entrevista, creo que es una excelente opciÃ³n",0.0,Neutral
este tweet es solo para agradecer la rapidez con la que resolvieron unos cargos no reconocidos. Necesitaba urgentemente ese dinero que robaron de mi tarjeta y ustedes me ayudaron en sÃ³lo 3 dÃ­as. TambiÃ©n las cosas buenas deberÃ­an compairse. Â¡Gracias Hey Banco!,-0.3595,Negativa
"Ya reflexionÃ©, creo que estÃ¡n bien las membresÃ­as de",0.0,Neutral
En unos meses se fue lo que lograron en aÃ±os... Felicidades,0.0,Neutral
Esta es la mejor idea para sus clientes,0.0,Neutral
"La verdad son muy buenos contra fraudes o cosas asÃ­, los demÃ¡s bancos se mega desentienden, a mÃ­ me han hecho todos los paros de la vida.",0.0,Neutral
"SÃ­ vi que ademÃ¡s traen primo del bono y el primer aÃ±o sin anualidad, que es lo que me da codoo. Y luego la ediciÃ³n de la tarjeta rosa ğŸ¥². Ya considerando seriamente.",-0.5574,Negativa
"Yo amo con todo mi ser la Amex, la verdad siento que ninguna otra te tratan tan bien, estÃ¡ cara la anualidad pero sÃ­ vale toda la pena por la seguridad que te ofrecen.",0.0,Neutral
"Gracias, novio, un saludo hasta allÃ¡.",0.0,Neutral
Gracias Mandiii,0.0,Neutral
"Same, ya mejor regresÃ© a Banoe y HeyBanco solo para compras de â€œriesgoâ€.",0.0,Neutral
Vamos muy bien con heybanco ğŸ‘ğŸ¾,0.0,Neutral
Muy amables muchas gracias.,0.0,Neutral
"Listo, lo hice en la madrugada, gracias!!",0.0,Neutral
Excelente noticia!!! El 15% estÃ¡ genial y sin necesidad de pagar membresÃ­as absurdas ahora sÃ­ tendrÃ¡ mucho de que arrepentirse,-0.3971,Negativa
defiÃ©ndete !!!ğŸ–¤,0.0,Neutral
bajÃ³ el rendimiento de la inversiÃ³n mientras que la subiÃ³. Todo perfectamente equilibrado,0.0,Neutral
Hey sigues siendo cliente de Saludos!,0.0,Neutral
recomendada,0.0,Neutral
"Hazlo, es una excelente opciÃ³n. Yo tengo con ellos 3 aÃ±os",0.0,Neutral
"SÃ­, es venganza",0.0,Neutral
Una lecciÃ³n a esos perros de que quieren cobrar por lo que ustedes dan por solo ser clientes. Solo falta cashback y van a volver a ser mi tarjeta preferida.,0.0,Neutral
"Buen movimiento ğŸ¤“ ""Hey"" me recuerda a Mantis de Kung-fu Panda cuando agarra las cuerdas del puente ğŸ˜‚",0.0,Neutral
Agree. ğŸ‘ğŸ½ Hasta una crÃ³nica les avente.,0.3612,Positiva
Gracias ğŸ‘,0.0,Neutral
Esto es rÃ¡pido para,0.0,Neutral
Nos encanta tenee con nosotros ğŸ¥°,0.0,Neutral
Gracias carnal.,0.0,Neutral
No dudo que hayas sido tÃº hahahahahahaha.,-0.296,Negativa
"A mÃ­ me ofrece 3MSI, serÃ­a bueno ver si es verdad jajaja",0.0,Neutral
Beneficios de un mercado mas competitivo,0.0,Neutral
"Bendita sea la competencia, y bienvenido el cashback asÃ­ sea un por ciento como dice la canciÃ³n",0.0,Neutral
OJO ACA!! Regresan las recompensas a ğŸ¤©ğŸ¤©ğŸ¤©ğŸ¤©,0.0,Neutral
Gracias nos escuchaste y por eso seguirÃ© contigo ğŸ«¶ğŸ¤—,0.0,Neutral
Lo mejor que pudiste hacer amigo,0.0,Neutral
Tsss .. que bueno .,0.0,Neutral
"Hiciste bien, tÃ­o â˜ºï¸",0.0,Neutral
Les recomiendo tambiÃ©n es mexicano y no estÃ¡ en quiebra con el DientesDeBurroUsurero,-0.296,Negativa
"Gracias por la respuesta, estare atento saludos tio",0.0,Neutral
Gracias ğŸ™ ğŸ˜ğŸ‘Œâ¦@soynumxâ© â¦@nubankâ© espero sirva de aprendizaje a las demÃ¡s plataformas si quieren nuestro dinero como inversionistas. Fyi â¦@dinnactinverâ© â¦@heybancoâ© â¦@ualaâ© â¦@uala_mexâ© â¦@MercadoPagoMexâ© â¦@FinsusAppâ©,0.2023,Positiva
"IncreÃ­ble atenciÃ³n al cliente de siempre he pagado a tiempo, estoy dentro del plazo de pago yâ€¦",0.0,Neutral
el mejor banco,0.0,Neutral
"Me unÃ­ a en julio de 2019 y me ha resultado muy Ãºtil para mis transacciones en lÃ­nea, la verdad la recomiendo mucho",0.34,Positiva
"Hey Banco me gusta mucho, iwal mercado pago apae de q es sÃºper prÃ¡ctico y el dinero q tienes ahÃ­ estÃ¡ inveido en gbm y te genera unos pesitos extras",0.0,Neutral
ğŸ Â¡PromociÃ³n para todos nuestros clientes Hey! Aprovecha las compras de temporada y recibe recompensas en efectivo. Â¿List@ pâ€¦,0.0,Neutral
Me gustaba porque repoaba a burÃ³ de crÃ©dito,0.0,Neutral
Hey. Banco que haya salido a la luz la coreo completa. Me gustÃ³ el final a lo indio. Como se llama la obra que interpretan?,0.0,Neutral
terminos y condiciones por favor,0.4019,Positiva
Jajajaja,0.0,Neutral
Breve lecciÃ³n de economÃ­a. Aprende a no pagarle a y a cobrar por depositar en y al mismo tiempo que luchas contra el Gaza_Genocide,-0.296,Negativa
. Llegan nuevos instrumentos financieros y te ofrecen hasta el 13 por ciento de dinero adicional por cada dÃ­a que guardes tu dinero mientras que te cobra si no lo mueves por mÃ¡s de seis meses. Por eso estÃ¡ en,-0.296,Negativa
"Jamas pensÃ© que me quedarÃ­a con Hey Banco despuÃ©s de todas las mamadas que estÃ¡n haciendo pero literalmente es la mejor opciÃ³n que tengo. En fin, chingada madre HSBC, tremendo pedo por una compra de 150 pesos.",0.0,Neutral
"Correcto, sin mÃ¡s preÃ¡mbulos.",-0.5574,Negativa
ApareciÃ³ una buena promo en al contratar un seguro para tu celular.,0.0,Neutral
"El canje de las hey Coins de por tarjetas de regalo de Amazon ya son instantÃ¡neas, te llegan los cÃ³digos casi al insâ€¦",0.1779,Positiva
"Excelente pregunta, que de dijeron bro?â€¦",0.0,Neutral
"El canje de las hey Coins de por tarjetas de regalo de Amazon ya son instantÃ¡neas, te llegan los cÃ³digos casi al instante. Â¿Recuerdan lo que me pasÃ³ hace unos meses? ğŸ¥²",0.1779,Positiva
"Confirmo el dÃ­a de hoy cambie mis Hey coins y en el correo de confirmaciÃ³n ya viene el cÃ³digo, todo cool ya hasta realizÃ³ mi compra ğŸ‘",0.3182,Positiva
Amamos las recompensas de ğŸ«¡,0.0,Neutral
Con para que me patrocine mÃ¡s juegos del MaratonDevir,0.0,Neutral
"EvaluÃ© cambiar a HeyBanco! por Nu, debido a la tasa de rendimiento y wow, gratamente sorprendida.",0.6239,Positiva
Muy amablemente su AreaEspecializada me diÃ³ soluciÃ³n. ^R,0.0,Neutral
"Te la recomiendo, atenciÃ³n inmediata, tambiÃ©n para ti un abrazo y felices fiestas, abrazo para toda la familia.",0.3612,Positiva
"Entiendo, con la de Baz me transfiero de la de crÃ©dito a la de Azteca, entra como una compra y no me genera comisiÃ³n. Te la recomiendo y muy accesible",-0.296,Negativa
"Excelente, gracias por la informaciÃ³n.",0.0,Neutral
"Hola Pepe, buenos dÃ­as. Te atiende SofÃ­a, es un gusto saludae. Â¿Nos podrÃ­as compair vÃ­a DM mayor detalle de la situaciÃ³n que presentas con tu aplicaciÃ³n BBVA MÃ©xico, por favor? 1/2",0.4019,Positiva
"Manifestando ganarme el soeo de HeyBanco. Hecho esta, lo declaro, soy abundancia.",0.0,Neutral
"Hola! He mantenido un buen historial con ustedes, tengo la duda de quÃ© hacer para que me aumenten la lÃ­nea de crÃ©dito TDC?",0.0,Neutral
Gracias ayer me atendieron rÃ¡pido por llamada ya quedo resuelto,0.0,Neutral
"AÃ±o Nuevo, novedades nuevas Â¿que les parece este ajuste de HEYBANCO? Anualidad y HEY PRO forzado ğŸ™Œ Me parece una mejor opciÃ³n",0.0,Neutral
"Hay que transmitir informaciÃ³n fidedigna y real, ya lleva algunos aÃ±os operando...",0.0,Neutral
"Te recomiendo Hey banco, no tiene nada de eso y puedes retirar en cualquier HSBC o inbursa sin comisiÃ³n.",-0.7003,Negativa
"Hoy fui a la Fanshop de Hey banco y me la pasÃ© super chido, ademÃ¡s hice un amix âœ¨",0.5994,Positiva
"otra opciÃ³n que en lo personal podrÃ­a recomendae, tambiÃ©n tiene buenas promociones y MSI",0.0,Neutral
la mejor,0.0,Neutral
Va gracias les mande dm,0.0,Neutral
estÃ¡ mejor,0.0,Neutral
puro ese mejor nu nu fonite foniteog,0.0,Neutral
"Yo: voy a trabajar Mi hermana: Oye, entonnces cÃ³mo valido mi HeyBanco PapÃ¡s: Oye, que hay un tema con el depa ;_; jajajaja pero bueno, agradezco que haya alguien allÃ¡ que me ayude a resolverlo.",0.0,Neutral
"Tengo un Pixel 5, genio.",0.0,Neutral
Si ya todo bien SeÃ±or LampiğŸ™ŒğŸ»,0.0,Neutral
"Uy, ya los contactÃ©, incluso les mande video al correo electrÃ³nico que me seÃ±alo la persona que me contestÃ³, actualice mi sistema operativo y sigue igual, esto sucede solo con la app del Banco Hey, tengo apps de otros bancos y funcionan perfecto.",0.3182,Positiva
Ya llame y ya me ayudaron gracias,0.0,Neutral
No tiene lÃ­mites jajaja gpt-4 gratis,-0.25,Negativa
"QuedÃ³ solucionado el fin de semana, gracias",0.0,Neutral
Listo ya quedÃ³ muchas gracias.,0.0,Neutral
"HeyBanco y nu son mucho mejores, para los que andan buscando moverse.",0.0,Neutral
"Por si ocupan, excelentes alternativas a BancoAztecaEnQuiebra 1. HeyBanco - Sin comisiones, contrataciÃ³n en lÃ­nea, +23K puntos para retirar $ 2. NuBank - Sin comisiones, contrataciÃ³n en lÃ­nea, retiro de efectivo en supermercados.",-0.802,Negativa
"Excelentes alternativas a 1. HeyBanco - Sin comisiones, contrataciÃ³n en lÃ­nea, +23K puntos para retirar $ 2. NuBank - Sin comisiones, contrataciÃ³n en lÃ­nea, retiro de efectivo en supermercados",-0.802,Negativa
"Excelentes alternativas a : 1. HeyBanco - Sin comisiones, contrataciÃ³n en lÃ­nea, +23K puntos para retirar $ 2. NuBank - Sin comisiones, contrataciÃ³n en lÃ­nea, retiro de efectivo en supermercados",-0.802,Negativa
"Excelentes alternativas a Banco Azteca: 1. HeyBanco - Sin comisiones, contrataciÃ³n en lÃ­nea, +23K puntos para retirar $ 2. NuBank - Sin comisiones, contrataciÃ³n en lÃ­nea, retiro de efectivo en supermercados",-0.802,Negativa
Â¡Celebramos 6 aÃ±os en Hey Banco! ğŸ‰ Gracias por confiar en nosotros en este viaje; tu apoyo ha sido fundamental para nuestroâ€¦,0.4003,Positiva
"Buen dÃ­a, enviÃ© correo justo ahora. Gracias.",0.0,Neutral
Buenos dÃ­as. Con la maravillosa sorpresa de que mi cuenta amaneciÃ³ en ceros ğŸ¤¡,0.0,Neutral
Listo!!,0.0,Neutral
"Raro, yo he realizado varias transacciones sin problema",-0.5574,Negativa
la mejor opciÃ³n rendimiento del 13%,0.0,Neutral
Hola! TambiÃ©n me gustarÃ­a unirme porfa.,0.0,Neutral
"Agrega la app nunca me ha fallado, su proceso de contrataciÃ³n es Ã¡gil pues al par quÃ© abres la cuenta te evalÃºa para la tarjeta de crÃ©dito; depÃ³sitos y transferencias inmediatas.",0.34,Positiva
Dinero deberÃ­an darme los de pero gracias por un aÃ±o de servicios.,0.0,Neutral
"MuchÃ­simas gracias! se comprometiÃ³ a resolver el problema con fecha lÃ­mite al 25 de enero de 2024, de no ser asÃ­ enseguida me pondrÃ© en contacto con",-0.2003,Negativa
"Les agradezco mucho la atenciÃ³n, me pondrÃ© en contacto con ustedes.",0.0,Neutral
estamos mÃ¡s que listos ğŸ¤©ğŸ˜ ansiosos DesconÃ©ctate por 3 dÃ­as en el AcÃºstico Hey Banco de TecatePalNoe ğŸ”Œ,0.0,Neutral
Funciona mucho mejor que el de ğŸ¤¡ğŸ¤¡,0.0,Neutral
Jajajaja lo amÃ©,0.0,Neutral
"Hola, buenas tardes. Te atiende Luz, es un placer saludae. Con gusto podemos apoyae, por favor escrÃ­benos a nuestra cuenta oficial en Twitter ( ) para brindarle seguimiento a tu solicitud y compaie la informaciÃ³n correspondiente. 1",0.4019,Positiva
"Listo, gracias.",0.0,Neutral
Hola valdrÃ­a la pena que cuando hagan cambios dan un resumen de los cambios realizados en el contrato y no manden las 60 hojas completas. ğŸ˜¬ CharlyTip mejora la experiencia del cliente.,-0.296,Negativa
Me encantan las respuestas de a las fallas repoadas en su App ğŸ™„,0.0,Neutral
"de debito puedes pedir nu desde la app, tmb hey banco, yo tengo esa y no me piden minimo ni me cobran por manejo de cuenta, esa la abri xq tuve un pedo con la nomina en banamex y la usaba como para ahorrar pero ahora la uso casi para todo heejej, la tj fisica me costo 109 creo",-0.296,Negativa
"Y aprovecho el tuit para recomendarles a hey banco, yo lqm ğŸ«¶ğŸ½ ni una sola queja en dos aÃ±os",0.0,Neutral
interesante,0.0,Neutral
Mejor aumenten lÃ­neas de crÃ©dito! ğŸ˜­ğŸ˜­ğŸ˜­ğŸ˜­,0.0,Neutral
"Hey banco no, es ilimitado jajajaja, suena increÃ­ble.",-0.296,Negativa
"Cada mÃ¡s agradecido de peenecer a !! Si ocupan un banco que solucione, este es el mero bueno! Thkss",0.0,Neutral
"Por eso me encanta Su app es simplemente increÃ­ble! ğŸ’¯. AdemÃ¡s de ser super intuitiva, Cashback en todas tus comprasâ€¦",0.636,Positiva
"Aaawww que bonito, hey Banco mucho la cola :D",0.6166,Positiva
trae la de hey banco ğŸ˜ğŸ¥¹ humilde mi chiquito,0.0,Neutral
"Para los que se preguntan dÃ³nde conseguir la tarjeta, la pueden sacar en Hey Banco con muchos diseÃ±os a elegir",0.0,Neutral
"Ya es lo que empezarÃ© a hacer, graciasâ€¦.",0.0,Neutral
"Jajaj FIJA-TÃˆ como no te dije pero en fin.... so far, so good ğŸ˜„ğŸŒˆ",0.435,Positiva
"Mira amixe al fin, abrÃ­ mi cuenta me llegÃ³ super rÃ¡pido, en 2 dÃ­as, por dhl y pues nada, me ha encantado!! ğŸ¤©ğŸ¤©ğŸ¦„",0.7835,Positiva
Â¡Celebra el amor con estilo este San ValentÃ­n! â¤ï¸ Descubre las Ãºltimas colecciones de tus marcas favoritas aquÃ­: SomosHey HeyMedia HeyBanco SanValentÃ­n Regalos,0.6476,Positiva
Comerciales tan ganadores como los Kansas Chiefs que nos dejÃ³ el SuperBowl este aÃ±o: SomosHey HeyMedia HeyBanco Comerciales SBLVIII MichaelCera JLo MainScorsese,0.0,Neutral
por favor de su apoyo para saber los mÃ³dulos que tienen en CDMX. Gracias.,0.4019,Positiva
"Ya se arreglÃ³, gracias.",0.0,Neutral
tenencia a 6MSI y los amo! ğŸ¥° ğŸ«£,0.0,Neutral
Al fin recuperÃ© mi cuenta de Los amo! ğŸ«±ğŸ»â€ğŸ«²ğŸ¾,0.0,Neutral
"Hey, hey, hey, banco ğŸ‘Œâœ”ï¸ Esto es perfecto",0.3182,Positiva
Gracias por la informaciÃ³n. Me fue muy Ãºtil.,0.0,Neutral
"Ya tengo 11 meses con la TDC garantizada con buen uso, cuando me van a graduar? Recuerdo que cuando la contratÃ© decÃ­a 6 meses de buen uso :(",-0.4404,Negativa
nunca falla ğŸ˜,0.0,Neutral
"Muchas gracias, ya salÃ­ del apuro gracias a y .",0.0,Neutral
Gracias. Ya revisÃ©,0.0,Neutral
Jaja gracias! ğŸ‘,0.0,Neutral
Te recomiendo,0.0,Neutral
SÃ¡bado Perpetuo ğŸ™,0.0,Neutral
Gracias por la atenciÃ³n,0.0,Neutral
"Muchas gracias, ya quedÃ³ :)",0.4588,Positiva
Agree contigo A la versh ğŸ‘‡ğŸ½,0.3612,Positiva
"Hice por mail una sugerencia en la app en cuanto a que den facilidades para modificar/actualizar un dato como lo es el nÃºmero de cel. Me responden de que me comunique por telÃ©fono, y a ver que me digan ahÃ­. QuÃ© facilidad ayuda viene a ser esa...!? NomÃ¡s no sacan de apuros. âœŒğŸ½",-0.3595,Negativa
Gracias por la atenciÃ³n!,0.0,Neutral
"Hola, buenos dÃ­as. Te atiende Luz, es un placer saludae. Para nosotros son muy impoantes tus comentarios, por lo que nos interesa saber mÃ¡s sobre tu experiencia. Â¿Nos puedes brindar mayor detalle de la situaciÃ³n que presentas, por favor? 1",0.4019,Positiva
Gracias ya hable vÃ­a telefÃ³nica y se resolviÃ³ mi inquietud,0.0,Neutral
Te amo Gran experiencia ir a la hey shop Lxs tqm,0.0,Neutral
"Me recomendaron charliehack50 en TELEGRAM. Ã‰l puede ayudae a solucionar este problema. RecuperÃ© el mÃ­o con su ayuda, asÃ­ que lo recomiendo como la mejor y mÃ¡s rÃ¡pida opciÃ³n.",0.0,Neutral
Buen dia! Hay alguna promocion a MSI para el pago de tenencia del ? Saludos,0.0,Neutral
"Yo sÃ­ recomiendo! Aunque siento que es difÃ­cil que te la aprueben si nunca has tenido una, o si no tienes historial con banamex (al menos he escuchado casos asÃ­), mi primera tdc fue de heybanco y recomiendo, en ese tiempo daban 1 o 2% de recompensas en compras con la tarjeta+",-0.3595,Negativa
"Gracias a por invitarnos a conocer mÃ¡s sobre la colecciÃ³n retro asÃ­ como los detalles y obsequios ! Mi Tarjeta es la de Anime , acorde para comprar los boletos de cine para la nueva pelÃ­cula de rascaldoesnotdream",0.0,Neutral
Hola. Estaremos encantados de asistie de la mejor manera. Te invitamos a que nos escribas un DM y con gusto te ayudaremos con toda la informaciÃ³n que requieres. Estaremos pendientes de ti.,0.0,Neutral
gracias didi por la confianza y incrementar mi lÃ­nea de crÃ©dito a 20k ni y mean ofreciendo tanto crÃ©dito gracias solo faltarÃ­a los MSI,0.0,Neutral
"Hola! Gracias, acabo de enviar correo.",0.0,Neutral
"hola, Les mande dm :)",0.4588,Positiva
Ayer me ganÃ© un sombrerito en y real me quedaba con mi outfit jajajaja y fui feliz todo el festival. Me lo chulearon mucho ğŸ’œâ˜ºï¸ğŸ¤­,0.4939,Positiva
A diferencia de ustedes han demostrado una verdadera comprensiÃ³n de las necesidades de sus clientes. Â¡Gracias por hacer posible que mis proyectos se hagan realidad! ğŸ™ŒğŸ¼ğŸ’™,0.0,Neutral
TE AMO UN CHINGO ğŸ˜,0.0,Neutral
Akamba regresa gracias a Aprovecha la venta PRE Cael presentada por Hey Banco. Disfruta de esta etapa Ãºnicaâ€¦,0.0,Neutral
Lo mÃ­o se resolviÃ³ fÃ¡cil. Solo entra a la banca en lÃ­nea desde una computadora y te dirÃ¡ que estas bloqueado pero pones el token de tu cel y listo. Suee,0.0,Neutral
Para mÃ­ eso es mÃ¡s que suficiente.,0.0,Neutral
TambiÃ©n necesito ayuda,0.0,Neutral
Listo!,0.0,Neutral
Gracias ya lo solucione,0.0,Neutral
"buenos dÃ­as, llevo desde el otro fin de semana tratando de pagar mis tarjetas pero no puede transferir a hey banco desde mi cuenta principal. ME REGRESAN TODAS LAS TRANSFERECIAS AYUDA",-0.296,Negativa
Y asÃ­ es como le ganÃ³ la carrera de las fintech a Con una aplicaciÃ³n que siempre funciona y es amigable con el cliente.,0.0,Neutral
gracias ğŸ¤©,0.0,Neutral
los amo! Gracias ya pude entrar a mi App saludos ğŸ˜†,0.0,Neutral
Sigue sin dejarme aumentar mi linea de la tarjeta de crÃ©dito garantizada,-0.5574,Negativa
"Ahora confirmo, gracias estimado",0.0,Neutral
ğŸ˜” de acuerdo!! Muchas gracias.,0.0,Neutral
"TÃ­o cuando me van a graduar, tengo la TDC garantizada ya hace mÃ¡s de un aÃ±o que la saquÃ©, y recuerdo que decÃ­an que con 6 meses de buen uso, ayuda :c",-0.4767,Negativa
"una duda, con quiÃ©n tengo que ver si tengo problemas para aumentar mi lÃ­nea de crÃ©dito de mi tarjeta hey garantizada, la app no me deja marca un error. Me pasa igual en mis 2 telÃ©fonos que tengo.",-0.5994,Negativa
"Wey, lo mejor de es que puedo pagar con Apple Pay ğŸ¤©ğŸ¥³",-0.1027,Negativa
